<?xml version="1.0" encoding="UTF-8"?>
<window type="dialog" id="1157">
    <defaultcontrol always="true">9000</defaultcontrol>
    <controls>
        <include>Global_Overlay</include>
        <control type="group">
            <include content="Dialog_Standard_Group">
                <param name="width" value="820" />
                <param name="height" value="793" />
            </include>

            <control type="label">
                <description>Header Label</description>
                <label>[CAPITALIZE]$LOCALIZE[31622][/CAPITALIZE]</label> <!-- VideoInfo Buttons -->
                <include>Dialog_Standard_Header</include>
            </control>

            <control type="grouplist" id="9000">
                <description>Control Area</description>
                <right>20</right>
                <width>780</width>
                <top>100</top>
                <height>672</height>
                <itemgap>10</itemgap>
                <orientation>vertical</orientation>
                <pagecontrol>60</pagecontrol>
                <usecontrolcoords>true</usecontrolcoords>
		<onup>9000</onup>
		<ondown>9000</ondown>
                <control type="radiobutton" id="9001">
                    <label>$LOCALIZE[31623]</label> <!-- More Episodes -->
                    <radioposx>730</radioposx>
                    <include>Dialog_Standard_ListButton</include>
                    <onclick>Skin.ToggleSetting(VideoInfoButton.MoreEps)</onclick>
                    <selected>!Skin.HasSetting(VideoInfoButton.MoreEps)</selected>
                </control>
                <control type="radiobutton" id="9002">
                    <label>$LOCALIZE[31624]</label> <!-- Cast & More -->
                    <radioposx>730</radioposx>
                    <include>Dialog_Standard_ListButton</include>
                    <onclick>Skin.ToggleSetting(VideoInfoButton.CastMore)</onclick>
                    <selected>!Skin.HasSetting(VideoInfoButton.CastMore)</selected>
                </control>
                <control type="radiobutton" id="9003">
                    <label>Trailer</label>
                    <radioposx>730</radioposx>
                    <include>Dialog_Standard_ListButton</include>
                    <onclick>Skin.ToggleSetting(VideoInfoButton.Trailer)</onclick>
                    <selected>!Skin.HasSetting(VideoInfoButton.Trailer)</selected>
                </control>
                <control type="radiobutton" id="9004">
                    <label>$LOCALIZE[31625]</label> <!-- Extended Info -->
                    <radioposx>730</radioposx>
                    <include>Dialog_Standard_ListButton</include>
                    <onclick>Skin.ToggleSetting(VideoInfoButton.EIS)</onclick>
                    <selected>!Skin.HasSetting(VideoInfoButton.EIS)</selected>
                </control>
                <control type="radiobutton" id="9005">
                    <label>$LOCALIZE[31626]</label> <!-- Add to Watchlist -->
                    <radioposx>730</radioposx>
                    <include>Dialog_Standard_ListButton</include>
                    <onclick>Skin.ToggleSetting(VideoInfoButton.Watchlist)</onclick>
                    <selected>!Skin.HasSetting(VideoInfoButton.Watchlist)</selected>
                </control>
                <control type="radiobutton" id="9006">
                    <label>$LOCALIZE[31627]</label> <!-- Choose Artwork -->
                    <radioposx>730</radioposx>
                    <include>Dialog_Standard_ListButton</include>
                    <onclick>Skin.ToggleSetting(VideoInfoButton.Art)</onclick>
                    <selected>!Skin.HasSetting(VideoInfoButton.Art)</selected>
                </control>
                <control type="radiobutton" id="9007">
                    <label>$LOCALIZE[31628]</label> <!-- Refresh -->
                    <radioposx>730</radioposx>
                    <include>Dialog_Standard_ListButton</include>
                    <onclick>Skin.ToggleSetting(VideoInfoButton.Refresh)</onclick>
                    <selected>!Skin.HasSetting(VideoInfoButton.Refresh)</selected>
                </control>
                <control type="radiobutton" id="9008">
                    <label>Trakt Manager</label>
                    <radioposx>730</radioposx>
                    <include>Dialog_Standard_ListButton</include>
                    <onclick>Skin.ToggleSetting(VideoInfoButton.Trakt)</onclick>
                    <selected>!Skin.HasSetting(VideoInfoButton.Trakt)</selected>
                </control>
                <control type="radiobutton" id="9009">
                    <label>$LOCALIZE[31629]</label> <!-- Search -->
                    <radioposx>730</radioposx>
                    <include>Dialog_Standard_ListButton</include>
                    <onclick>Skin.ToggleSetting(VideoInfoButton.Search)</onclick>
                    <selected>Skin.HasSetting(VideoInfoButton.Search)</selected>
                </control>
                <control type="radiobutton" id="9010">
                    <label>$LOCALIZE[31630]</label> <!-- Quick Play -->
                    <radioposx>730</radioposx>
                    <include>Dialog_Standard_ListButton</include>
                    <onclick>Skin.ToggleSetting(VideoInfoButton.QuickPlay)</onclick>
                    <selected>Skin.HasSetting(VideoInfoButton.QuickPlay)</selected>
                </control>
            </control>
        </control>
    </controls>
</window>
