<?xml version="1.0" encoding="utf-8"?>
<window type="window" id="1134">
  <defaultcontrol always="true">9999</defaultcontrol>
  <onunload condition="String.IsEqual(Window(Home).Property(BaseWindow),InfoDialog)">AlarmClock(loadinfo,Action(Info),00:00,silent)</onunload>
  <controls>
    <include>Global_Background</include>
    <control type="group">
      <top>-20</top>
      <right>-20</right>
      <include>Logo</include>
      <visible>[Control.HasFocus(3100) | ControlGroup(4100).HasFocus] + [!Window.IsVisible(DialogNotification.xml) + !Window.IsVisible(DialogButtonMenu.xml) + !Window.IsVisible(DialogBusy.xml) + Skin.HasSetting(EnableHomeHeader)]</visible>
    </control>
    <control type="label">
      <left>60</left>
      <top>40</top>
      <label>Actor Info</label>
      <height>40</height>
      <width>800</width>
      <aligny>top</aligny>
      <textcolor>white</textcolor>
      <font>font_heading_small</font>
      <visible>ControlGroup(300).HasFocus | ControlGroup(4100).HasFocus</visible>
    </control>
    <control type="list" id="9999">
         <onfocus condition="!Integer.IsEqual(Container(9999).NumItems,0) + !Container(9999).IsUpdating + !String.IsEmpty(Window(Home).Property(TMDbHelper.Path.Current)) + !String.Contains(Window(Home).Property(TMDbHelper.Path.Current),type=person)">Action(Info)</onfocus>
         <onfocus condition="!Integer.IsEqual(Container(9999).NumItems,0) + !Container(9999).IsUpdating + !String.IsEmpty(Window(Home).Property(TMDbHelper.Path.Current)) + String.Contains(Window(Home).Property(TMDbHelper.Path.Current),type=person)">SetFocus(3100)</onfocus>
         <onfocus condition="[Integer.IsEqual(Container(9999).NumItems,0) | Container(9999).IsUpdating] + !String.IsEmpty(Window(Home).Property(TMDbHelper.Path.Current))">AlarmClock(doinfo,SetFocus(9999),00:01,silent)</onfocus>
         <onfocus condition="String.IsEmpty(Window(Home).Property(TMDbHelper.Path.Current))">Action(Close)</onfocus>
      <itemlayout />
      <focusedlayout />
      <content limit="1" target="videos">$INFO[Window(Home).Property(TMDbHelper.Path.Current)]</content>
    </control>
    <control type="group">
      <visible>[!String.Contains(Window(Home).Property(TMDbHelper.Path.Current),type=person) | Control.HasFocus(9999)] + !Window.IsVisible(DialogVideoInfo.xml)</visible>
      <visible>!Window.IsVisible(DialogVideoInfo.xml) + !Player.HasVideo</visible>
      <include>Dialog_Busy</include>
    </control>
    <!-- Person Info -->
    <control type="group">
      <visible>String.Contains(Window(Home).Property(TMDbHelper.Path.Current),type=person) + !Control.HasFocus(9999)</visible>
      <top>120</top>
      <left>view_pad</left>
      <right>view_pad</right>
      <control type="group">
       <left>0</left>
      <include content="Object_UpDownInfoArrows">
        <param name="id" value="4100" />
        <param name="top" value="-40" />
      </include>
      </control>
      <visible allowhiddenfocus="true">!$EXP[Exp_HideFurniture]</visible>
      <include>Animation_FadeInOut</include>
      <control type="grouplist" id="9000">
        <top>-15</top>
        <left>-15</left>
        <right>-15</right>
        <height>1080</height>
        <orientation>vertical</orientation>
        <itemgap>0</itemgap>
        <control type="group" id="3000">
          <visible allowhiddenfocus="true">!ControlGroup(4100).HasFocus</visible>
          <height>1080</height>
          <animation effect="fade" start="0" end="100" time="1000">Visible</animation>
          <control type="group">
            <top>-5</top>
            <left>15</left>
            <right>15</right>
            <height>1000</height>
            <!-- Poster -->
            <include content="Object_BigPoster">
              <param name="include" value="Animation_Left_Delay" />
              <param name="defaulticonvisible" value="false" />
              <param name="icon" value="$INFO[Container(9999).ListItemAbsolute(0).Art(poster)]" />
              <param name="diffuse" value="diffuse/poster-big.png" />
            </include>
            <!-- Info -->
            <control type="group" id="300">
              <top>-15</top>
              <left>650</left>
              <include>Animation_Right_Delay</include>
              <control type="grouplist">
                <orientation>vertical</orientation>
                <usecontrolcoords>true</usecontrolcoords>
                <itemgap>0</itemgap>
                <control type="label">
                  <top>10</top>
                  <label>$INFO[Container(9999).ListItemAbsolute(0).Label]</label>
                  <height>180</height>
                  <width>800</width>
                  <aligny>top</aligny>
                  <textcolor>white</textcolor>
                  <font>font_heading</font>
                </control>
                <include content="Object_Info_Line_Label">
                  <param name="label" value="[CAPITALIZE]$INFO[Container(9999).ListItemAbsolute(0).Property(Birthday),[COLOR=main_fg_100],[/COLOR]]$INFO[Container(9999).ListItemAbsolute(0).Property(Born), | [COLOR=main_fg_100],[/COLOR]]$INFO[Container(9999).ListItemAbsolute(0).Property(Age), | [COLOR=main_fg_100], $LOCALIZE[31356][/COLOR]]$INFO[Container(9999).ListItemAbsolute(0).Property(Deathday), | [COLOR=main_fg_100]$LOCALIZE[21897] ,[/COLOR]][/CAPITALIZE]" />
                  <param name="textcolor" value="$VAR[ColorHighlight]" />
                  <param name="divider" value="false" />
                </include>
                <include content="Object_Info_Plot">
                  <param name="label" value="$INFO[Container(9999).ListItemAbsolute(0).Property(biography)]" />
                  <param name="maxheight" value="600" />
                  <param name="height" value="600" />
                </include>
              </control>
              <control type="button" id="3111">
                <onfocus>SetFocus(3100)</onfocus>
                <include>Defs_Hidden_Button</include>
              </control>
              <control type="list" id="3100">
                <orientation>horizontal</orientation>
                <onup>9601</onup>
                <ondown>5001</ondown>
                <onfocus>SetProperty(Header_Left_Text,Person)</onfocus>
                <onback condition="!String.IsEmpty(Window(Home).Property(TMDbHelper.Path.Current))">RunScript(plugin.video.themoviedb.helper,del_path,call_auto=1190)</onback>
                <onback>3111</onback>
                <itemlayout />
                <focusedlayout />
                <include>Defs_Hidden_Button</include>
                <content>$INFO[Window(Home).Property(TMDbHelper.Path.Current)]</content>
              </control>
            </control>
          </control>
        </control>
        <control type="group" id="4000">
          <control type="grouplist" id="4100">
            <height>920</height>
            <top>20</top>
            <scrolltime tween="quadratic">400</scrolltime>
            <onup>3100</onup>
            <height>1080</height>
            <orientation>vertical</orientation>
            <control type="group" id="7599">
              <height>0</height>
            </control>
            <animation effect="fade" start="100" end="0" condition="Control.HasFocus(3100)">Conditional</animation>
            <animation effect="fade" start="0" end="100" time="1000">Visible</animation>
            <include content="Object_VideoInfo_CastList">
              <param name="onback" value="300" />
              <param name="onup" value="300" />
              <param name="id" value="5001" />
              <param name="ondown" value="5002" />
              <param name="label" value="$INFO[Container(3100).ListItemAbsolute(1).Label]" />
              <param name="content" value="$VAR[Info_Cast_List01]" />
              <param name="infolabel" value="false" />
              <param name="include_onclick" value="true" />
              <param name="onclick" value="SetFocus(300)" />
              <param name="onclick2" value="RunScript(plugin.video.themoviedb.helper,add_path=$INFO[ListItem.FolderPath],call_auto=1190,delay=0.35,noop)" />
              <param name="pad" value="0" />
              <param name="top" value="0" />
            </include>
            <include content="Object_VideoInfo_CastList">
              <param name="onback" value="300" />
              <param name="onup" value="5001" />
              <param name="id" value="5002" />
              <param name="ondown" value="5003" />
              <param name="label" value="$INFO[Container(3100).ListItemAbsolute(2).Label]" />
              <param name="content" value="$VAR[Info_Cast_List02]" />
              <param name="infolabel" value="false" />
              <param name="include_onclick" value="true" />
              <param name="onclick" value="SetFocus(300)" />
              <param name="onclick2" value="RunScript(plugin.video.themoviedb.helper,add_path=$INFO[ListItem.FolderPath],call_auto=1190,delay=0.35,noop)" />
              <param name="pad" value="0" />
              <param name="top" value="0" />
            </include>
            <include content="Object_VideoInfo_CastList">
              <param name="onback" value="300" />
              <param name="onup" value="5002" />
              <param name="id" value="5003" />
              <param name="ondown" value="5004" />
              <param name="label" value="$INFO[Container(3100).ListItemAbsolute(3).Label]" />
              <param name="content" value="$VAR[Info_Cast_List03]" />
              <param name="infolabel" value="false" />
              <param name="include_onclick" value="true" />
              <param name="onclick" value="SetFocus(300)" />
              <param name="onclick2" value="RunScript(plugin.video.themoviedb.helper,add_path=$INFO[ListItem.FolderPath],call_auto=1190,delay=0.35,noop)" />
              <param name="pad" value="0" />
              <param name="top" value="0" />
            </include>
            <include content="Object_VideoInfo_CastList">
              <param name="onback" value="300" />
              <param name="onup" value="5003" />
              <param name="id" value="5004" />
              <param name="ondown" value="5005" />
              <param name="label" value="$INFO[Container(3100).ListItemAbsolute(4).Label]" />
              <param name="content" value="$VAR[Info_Cast_List04]" />
              <param name="infolabel" value="false" />
              <param name="include_onclick" value="true" />
              <param name="onclick" value="SetFocus(300)" />
              <param name="onclick2" value="RunScript(plugin.video.themoviedb.helper,add_path=$INFO[ListItem.FolderPath],call_auto=1190,delay=0.35,noop)" />
              <param name="pad" value="0" />
              <param name="top" value="0" />
            </include>
            <include content="Object_VideoInfo_CastList">
              <param name="onback" value="300" />
              <param name="onup" value="5004" />
              <param name="id" value="5005" />
              <param name="ondown" value="5001" />
              <param name="label" value="$INFO[Container(3100).ListItemAbsolute(5).Label]" />
              <param name="content" value="$VAR[Info_Cast_List05]" />
              <param name="infolabel" value="false" />
              <param name="include_onclick" value="true" />
              <param name="onclick" value="SetFocus(9506)" />
              <param name="onclick2" value="" />
              <param name="pad" value="0" />
              <param name="top" value="0" />
            </include>
          </control>
        </control>
      </control>
    </control>
        <include>Info_ImageViewer</include>

  </controls>
</window>
